id;code_acheteur_vendeur;description;code_interne
1;Palestinian Territory Kip Investment Account;middleware IB bypassing;Refined Fresh Table sexy
2;Optimization;Kids EXE Avenue;backing up
3;Investment Account metrics Brooks;Fantastic Fresh Pizza brand;Facilitator Generic Plastic Computer
4;Iran Cambridgeshire;incentivize utilisation;fuchsia
5;program;unleash United States Minor Outlying Islands;Personal Loan Account payment
6;Saint Helena;Cambridgeshire National;Bosnia and Herzegovina
7;Salad;robust;Algeria Executive
8;Somalia;drive;Tenge
9;channels New Hampshire functionalities;Fish Communications Money Market Account;Ramp calculate Metal
10;framework Outdoors;protocol black;Steel SMTP
