id;code_file;description;input_path;output_path;date_dernier_chargement;date_dernier_dechargement
1;Metrics hacking;Leone Legacy;override;Investment Account Horizontal cutting-edge;2020-06-12T23:25:15;2020-06-13T14:26:13
2;Balanced;Cambridgeshire application Strategist;orchid Ethiopia Drive;Handmade Granite Soap Berkshire;2020-06-13T14:14:53;2020-06-13T11:46:45
3;Senior;Place Barbados Dollar Village;contextually-based;Producer platforms Fields;2020-06-13T19:05:53;2020-06-13T02:07:37
4;San Marino;PCI Auto Loan Account;Berkshire Toys;Credit Card Account deposit;2020-06-13T01:52:31;2020-06-13T21:42:27
5;Savings Account transmitting Money Market Account;framework matrices hard drive;e-tailers;black Kentucky;2020-06-12T23:29:32;2020-06-13T06:27:20
6;Buckinghamshire;Up-sized;strategy;zero administration algorithm;2020-06-13T09:55:25;2020-06-13T16:32:11
7;Consultant Tennessee sticky;matrix;olive moratorium;digital Jordanian Dinar blue;2020-06-13T21:11:48;2020-06-13T13:11:16
8;generate;Refined Soft Towels;Brunei Dollar;Movies architectures generating;2020-06-13T15:45:13;2020-06-13T12:03:05
9;deposit systematic;Berkshire Rustic Cotton Bacon;port knowledge base deploy;Intelligent Granite Tuna Buckinghamshire;2020-06-13T06:24:10;2020-06-13T00:43:23
10;parsing;National Wooden;Table Licensed Soft Bike;Sports Plains;2020-06-13T15:37:47;2020-06-13T20:39:00
